FirmCode,FirmName,IsActive,IsConsultant,ConsultantType,Is1099,Website,VendorType,Note,NetDays,EIN,PayToAddress_Phone,PayToAddress_Street1,PayToAddress_Street2,PayToAddress_Street3,PayToAddress_Street4,PayToAddress_City,PayToAddress_State,PayToAddress_Zip,PayToAddress_Country,MainContact_Prefix,MainContact_Suffix,MainContact_Title,MainContact_FirstName,MainContact_LastName,MainContact_WorkPhone,MainContact_CellPhone,MainContact_WorkEmail,MainContact_HomeEmail,EnableEFT,CompanyID,CompanyName,ABA/Routing,Account#,Savings,EFType(SEC),_AltPhone,_MainEmail
ORL-VND-00001,1055.00,TRUE,,,,,,,,,,"100 North Tampa Street, Suite 3700",,,,Tampa,FL,33602,,,,,,,,,,,,,,,,,,,
ORL-VND-00002,2020.06 Legacy Park GPK,TRUE,,,,,,,,,,,,,,,,,,,,,,,,,,,,,,,,,,,
ORL-VND-00003,310 Park South,TRUE,,,,,,,,,,,,,,,,,,,,,,,,,,,,,,,,,,,
ORL-VND-00004,8000 W Sunset,TRUE,,,,,,,,,,,,,,,,,,,,,,,,,,,,,,,,,,,
ORL-VND-00005,A/E Concepts,TRUE,,,,,,,,,,121 S. Orange Aveune,Suite 1410,,,Orlando,FL,32801,,,,,,,,,,,,,,,,,,,
ORL-VND-00006,Aboveall AC,TRUE,,,,,,,,,,Air Conditioning and Heating,P O Box 876,,,Mt. Dora,FL,32756,,,,,,,,,,,,,,,,,,,
ORL-VND-00007,Ace Expediters,TRUE,,,,,,,,,,"2251 Lynx Ln, Suite 7",,,,Orlando,FL,32804,,,,,,,,,,,,,,,,,,,
ORL-VND-00008,Acme Stamp & Sign Co.,TRUE,,,,,,,,,407-898-5550,955 N. Pennsylvania Avenue,,,,Winter Park,FL,32789,,,,,,,,,,,,,,,,,,,
ORL-VND-00009,ADP,TRUE,,,,,,,,,,,,,,,,,,,,,,,,,,,,,,,,,,,
ORL-VND-00010,ADT,TRUE,,,,,,,,,,PO Box 371878,,,,Pittsburgh,PA,15250-7878,,,,,,,,,,,,,,,,,,,
ORL-VND-00011,AE,TRUE,,,,,,,,,,2251 Lynx Lane Suite 7,,,,Orlando,FL,32804,,,,,,,,,,,,,,,,,,,
ORL-VND-00012,AE Concepts,TRUE,,,,,,,,,,121 S. Orange Avenue,Suite 1410,,,Orlando,FL,32801,,,,,,,,,,,,,,,,,,,
ORL-VND-00013,AEI Affiliated Engineers,TRUE,,,,,,,,,608-441-2680,PO Box 5620,,,,Madison,WI,53705,,,,,,,,,,,,,,,,,,,
ORL-VND-00014,Aerotek,TRUE,,,,,,,,,,P. O. Box 198531,,,,Atlanta,GA,30384-8531,,,,,,,,,,,,,,,,,,,
ORL-VND-00015,Affiliated Engineers,TRUE,,,,,,,,,608-441-2680,P O Box 5620,,,,Madison,WI,53705,,,,,,,,,,,,,,,,,,,
ORL-VND-00016,Affordable Lock & Security,TRUE,,,,,,,,,,PO Box 31261,,,,Tampa,FL,33631-3261,,,,,,,,,,,,,,,,,,,
ORL-VND-00017,Air Kool,TRUE,,,,,,,,,,,,,,,,,,,,,,,,,,,,,,,,,,,
ORL-VND-00018,"Air Plus Heating & Air, Inc.",TRUE,,,,,,,,,,P O Box 783397,,,,Winter Garden,FL,34778-3397,,,,,,,,,,,,,,,,,,,
ORL-VND-00019,Al Cooper,TRUE,,,,,,,,,,264 Aenes Ave,,,,Longwood,FL,32750,,,,,,,,,,,,,,,,,,,
ORL-VND-00020,Albertsons,TRUE,,,,,,,,,,P O Box 20,,,,Boise,ID,83726,,,,,,,,,,,,,,,,,,,
ORL-VND-00021,Alfonso Gaviria,TRUE,,,,,,,,,,1041 Huntington Court,,,,Longwood,FL,32750,,,,,,,,,,,,,,,,,,,
ORL-VND-00022,All Service Electric,TRUE,,,,,,,,,,,,,,,,,,,,,,,,,,,,,,,,,,,
ORL-VND-00023,"Amber Jade F. Johnson, P.A.",TRUE,,,,,,,,,,471 North Maitland Avenue,,,,Maitland,FL,32751,,,,,,,,,,,,,,,,,,,
ORL-VND-00024,American Express,TRUE,,,,,,,,,,PO Box 650448,,,,Dallas,TX,75265-0448931,,,,,,,,,,,,,,,,,,,
ORL-VND-00025,American Meetings,TRUE,,,,,,,,,,111 SW 6th Street,,,,Ft. Lauderdale,FL,33301,,,,,,,,,,,,,,,,,,,
ORL-VND-00026,Amex,TRUE,,,,,,,,,,,,,,,,,,,,,,,,,,,,,,,,,,,
ORL-VND-00027,"Amore Engineering, Inc.",TRUE,,,,,,,,,407-291-6940,2295 Hiawassee Road,Suite 415,,,Orlando,FL,32835,,,,,,,,,,,,,,,,,,,
ORL-VND-00028,Anna Maria Boehm,TRUE,,,,,,,,,,17100 Woodcrest Way,,,,Clermont,FL,34714,,,,,,,,,,,,,,,,,,,
ORL-VND-00029,Anthony Strong,TRUE,,,,,,,,,,3250 Oakley Place,,,,Union City,GA,30291,,,,,,,,,,,,,,,,,,,
ORL-VND-00030,ARC,TRUE,,,,,,,,,,PO Box 953466,,,,St. Louis,MO,63195-3466,,,,,,,,,,,,,,,,,,,
ORL-VND-00031,ARC Document Solutions,TRUE,,,,,,,,,813-606-4785,P O Box 953466,,,,St. Louis,MO,63195-3466,,,,,,,,,,,,,,,,,,,
ORL-VND-00032,Archipro Staff Agency,TRUE,,,,,,,,,,5313 Whitten Drive,,,,Naples,FL,34104,,,,,,,,,,,,,,,,,,,
ORL-VND-00033,Armstrong,TRUE,,,,,,,,,,,,,,,,,,,,,,,,,,,,,,,,,,,
ORL-VND-00034,Art & History Museums,TRUE,,,,,,,,,,231 W. Packwood Avenue,,,,Maitland,FL,32751,,,,,,,,,,,,,,,,,,,
ORL-VND-00035,Artists Vision. LLC,TRUE,,,,,,,,,,1106 South Scott Avenue,,,,Sanford,FL,32771,,,,,,,,,,,,,,,,,,,
ORL-VND-00036,assets,TRUE,,,,,,,,,,,,,,,,,,,,,,,,,,,,,,,,,,,
ORL-VND-00037,Associated Piping Services,TRUE,,,,,,,,,407-859-4756,1023 29th Street,,,,Orlando,FL,32805,,,,,,,,,,,,,,,,,,,
ORL-VND-00038,AT&T,TRUE,,,,,,,,,,PO Box 536216,,,,Atlanta,GA,30353-6216,,,,,,,,,,,,,,,,,,,
ORL-VND-00039,ATG,TRUE,,,,,,,,,,,,,,North Little Rock,AR,72117,,,,,,,,,,,,,,,,,,,
ORL-VND-00040,Audio Visual Innovations,TRUE,,,,,,,,,,995  W. Kennedy Blvd.,Suite B-35,,,Orlando,FL,32810,,,,,,,,,,,,,,,,,,,
ORL-VND-00041,Authorized Printer Repair of Orlando,TRUE,,,,,,,,,,6968 Aloma Avenue,,,,Winter Park,FL,32792,,,,,,,,,,,,,,,,,,,
ORL-VND-00042,Avanti Cafe,TRUE,,,,,,,,,,,,,,,,,,,,,,,,,,,,,,,,,,,
ORL-VND-00043,"Avcon, Inc. Engineers & Planners",TRUE,,,,,,,,,407-599-1122,"5555 E. Michigan Street, Suite 200",,,,Orlando,FL,32822-2779,,,,,,,,,,,,,,,,,,,www.avconinc.com
ORL-VND-00044,Avenir Publishing Inc,TRUE,,,,,,,,,,P O Box 253,,,,Methuen,MA,01844,,,,,,,,,,,,,,,,,,,
ORL-VND-00045,Axa Equitable,TRUE,,,,,,,,,,Box 371459,,,,Pittsburgh,PA,15250-7459,,,,,,,,,,,,,,,,,,,
ORL-VND-00046,B H INC,TRUE,,,,,,,,,,,,,,,,,,,,,,,,,,,,,,,,,,,
ORL-VND-00047,B H LLC,TRUE,,,,,,,,,,,,,,,,,,,,,,,,,,,,,,,,,,,
ORL-VND-00048,B.A.S.E. Camp Children's Cancer Fdn,TRUE,,,,,,,,,,,,,,,,,,,,,,,,,,,,,,,,,,,
ORL-VND-00049,Baker Donelson etal,TRUE,,,,,,,,,,P O Box 1549,,,,Orlando,FL,32802,,,,,,,,,,,,,,,,,,,
ORL-VND-00050,Balboa Capital Corporation,TRUE,,,,,,,,,,P O Box 844803,,,,Los Angeles,CA,90084-4803,,,,,,,,,,,,,,,,,,,
ORL-VND-00051,Banistka Rodriguez,TRUE,,,,,,,,,,586 Whittingham Place,,,,Lake Mary,FL,32746,,,,,,,,,,,,,,,,,,,
ORL-VND-00052,Bank of America,TRUE,,,,,,,,,,,,,,,,,,,,,,,,,,,,,,,,,,,
ORL-VND-00053,Bankcard Center,TRUE,,,,,,,,,,P O Box 385,,,,Memphis,TN,38101-0385,,,,,,,,,,,,,,,,,,,
ORL-VND-00054,"Basso Enterprises, Inc.",TRUE,,,,,,,,,,Acme Glass,20 Nashville Avenue,,,Orlando,FL,32789,,,,,,,,,,,,,,,,,,,
ORL-VND-00055,BBM Structural Engineers,TRUE,,,,,,,,,,1912 Boothe Circle Suite 100,,,,Longwood,FL,32750,,,,,,,,,,,,,,,,,,,
ORL-VND-00056,BCBS of Florida,TRUE,,,,,,,,,,PO Box 660299,,,,Dallas,TX,75266-0299,,,,,,,,,,,,,,,,,,,
ORL-VND-00057,BEC Structures LLC,TRUE,,,,,,,,,,891 Royalwood Lane,,,,Oviedo,FL,32765,,,,,,,,,,,,,,,,,,,
ORL-VND-00058,Belzer Plumbing,TRUE,,,,,,,,,,607 N. John Street,,,,Orlando,FL,32808-7529,,,,,,,,,,,,,,,,,,,
ORL-VND-00059,"Benjamin Moore, CPA",TRUE,,,,,,,,,,720 N. Maitland Avenue,Suite 105,,,Maitland,FL,32751,,,,,,,,,,,,,,,,,,,
ORL-VND-00060,Berkshire,TRUE,,,,,,,,,,P O Box 644782,,,,Pittsburgh,PA,15264-4782,,,,,,,,,,,,,,,,,,,
ORL-VND-00061,Bijal Patel,TRUE,,,,,,,,,,,,,,,,,,,,,,,,,,,,,,,,,,,
ORL-VND-00062,BioFlorida,TRUE,,,,,,,,,561-653-3839,"525 Okeechobee Blvd., Suite 1500",,,,West Palm Beach,FL,33401,,,,,,,,,,,,,,,,,,,www.bioflorida.com
ORL-VND-00063,Bishop Engineering Company,TRUE,,,,,,,,,407-622-2477,219 Laurel Park,,,,Winter Park,FL,32792,,,,,,,,,,,,,,,,,,,
ORL-VND-00064,Bob Cortes Campaign,TRUE,,,,,,,,,,,,,,,,,,,,,,,,,,,,,,,,,,,
ORL-VND-00065,Bobes Associates,TRUE,,,,,,,,,,"Consulting Engineers, Inc.",150 Circle Drive,,,Maitland,FL,32751,,,,,,,,,,,,,,,,,,,
ORL-VND-00066,"Bockstall Design Associates, LLC",TRUE,,,,,,,,,,680 Morning Dove Circle,,,,Lake Mary,FL,32746,,,,,,,,,,,,,,,,,,,
ORL-VND-00067,Bonnett Design Group LLC,TRUE,,,,,,,,,,400 S. Orlando Ave. Ste #201,,,,Maitland,FL,32751,,,,,,,,,,,,,,,,,,,
ORL-VND-00068,Bradley Hill,TRUE,,,,,,,,,,500 Inverness Ave,,,,Melbourne,FL,32940,,,,,,,,,,,,,,,,,,,
ORL-VND-00069,Brandywines,TRUE,,,,,,,,,,,,,,,,,,,,,,,,,,,,,,,,,,,
ORL-VND-00070,Brenda Carey Campaign,TRUE,,,,,,,,,,,,,,,,,,,,,,,,,,,,,,,,,,,
ORL-VND-00071,Briarpatch,TRUE,,,,,,,,,,,,,,,,,,,,,,,,,,,,,,,,,,,
ORL-VND-00072,Bright House Business  Solutions,TRUE,,,,,,,,,,,,,,PO Box,,7195,,,,,,,,,,,,,,,,,,,
ORL-VND-00073,Bright House Networks,TRUE,,,,,,,,,,P O Box 7195,,,,Pasadena,CA,91109-7195,,,,,,,,,,,,,,,,,,,
ORL-VND-00074,Bryson Votour,TRUE,,,,,,,,,,,,,,,,,,,,,,,,,,,,,,,,,,,
ORL-VND-00075,Building Systems Design,TRUE,,,,,,,,,,Dept 350,P O Box 4458,,,Houston,TX,77210-4458,,,,,,,,,,,,,,,,,,,
ORL-VND-00076,Bullwinkle's Systems Inc.,TRUE,,,,,,,,,,,,,,,,,,,,,,,,,,,,,,,,,,,
ORL-VND-00077,Bury,TRUE,,,,,,,,,,7660 Woodway Drive,Ste 400,,,Houston,TX,77063,,,,,,,,,,,,,,,,,,,
ORL-VND-00078,Capital One,TRUE,,,,,,,,,,,,,,,,,,,,,,,,,,,,,,,,,,,
ORL-VND-00079,Capitol Allilance Group,TRUE,,,,,,,,,,106 East College Avenue,,,,Tallahassee,FL,32301,,,,,,,,,,,,,,,,,,,
ORL-VND-00080,"Carl Curtis Russell, Jr.",TRUE,,,,,,,,,,1111 Peak Circle,,,,Deltona,FL,32738,,,,,,,,,,,,,,,,,,,
ORL-VND-00081,Caroline Arrigoni,TRUE,,,,,,,,,,5357 Chatas Lane,,,,Orlando,FL,32814,,,,,,,,,,,,,,,,,,,
ORL-VND-00082,Carter Hadley,TRUE,,,,,,,,,,211 Alexander Street,,,,Talladega,AL,35160,,,,,,,,,,,,,,,,,,,
ORL-VND-00083,Cash,TRUE,,,,,,,,,,,,,,,,,,,,,,,,,,,,,,,,,,,
ORL-VND-00084,Casselberry Chamber of Commerce FWF,TRUE,,,,,,,,,,527 Queens Mirror Circle,,,,Casselberry,FL,32707,,,,,,,,,,,,,,,,,,,
ORL-VND-00085,Casselberry Food & Wine Festival,TRUE,,,,,,,,,,,,,,,,,,,,,,,,,,,,,,,,,,,
ORL-VND-00086,Central Florida Historical Society,TRUE,,,,,,,,,,,,,,Central,FL,,,,,,,,,,,,,,,,,,,,
ORL-VND-00087,Century Link,TRUE,,,,,,,,,,P O Box 1319,,,,Charlotte,NC,28201-1319,,,,,,,,,,,,,,,,,,,
ORL-VND-00088,Chamberlain West,TRUE,,,,,,,,,,,,,,,,,,,,,,,,,,,,,,,,,,,
ORL-VND-00089,Charles C. Bohl,TRUE,,,,,,,,,,1103 Pizarro Street,,,,Coral Gables,FL,33134,,,,,,,,,,,,,,,,,,,
ORL-VND-00090,"Charles Wayne Consulting, Inc.",TRUE,,,,,,,,,,"2300 Maitland Center Parkway, Suite 212",,,,Maitland,FL,32751,,,,,,,,,,,,,,,,,,,
ORL-VND-00091,Charter Communications,TRUE,,,,,,,,,,P O Box 7186,,,,Pasadena,CA,91109-7186,,,,,,,,,,,,,,,,,,,
ORL-VND-00092,CHPA,TRUE,,,,,,,,,,"Consulting Engineers, Inc.","7660 Woodway Drive, Suite 400",,,Houston,TX,77063,,,,,,,,,,,,,,,,,,,
ORL-VND-00093,Chris Armstrong Lock,TRUE,,,,,,,,,,,,,,,,,,,,,,,,,,,,,,,,,,,
ORL-VND-00094,"Christmas For Children, Inc.",TRUE,,,,,,,,,,P O Box 941257,,,,Maitland,FL,32751,,,,,,,,,,,,,,,,,,,
ORL-VND-00095,Chubb,TRUE,,,,,,,,,,PO Box 382001,,,,Pittsburgh,PA,15250-8001,,,,,,,,,,,,,,,,,,,
ORL-VND-00096,Citizens for Quality Government,TRUE,,,,,,,,,,,,,,,,,,,,,,,,,,,,,,,,,,,
ORL-VND-00097,City of Casselberry,TRUE,,,,,,,,,407-262-7700,95 Triplet Lake Drive,,,,Casselberry,FL,32707,,,,,,,,,,,,,,,,,,,
ORL-VND-00098,City Of Lake Mary,TRUE,,,,,,,,,,100 North Country Club Road,,,,Lake Mary,FL,32795,,,,,,,,,,,,,,,,,,,
ORL-VND-00099,City of Maitland,TRUE,,,,,,,,,,1776 Independence Lane,,,,Maitland,FL,32751,,,,,,,,,,,,,,,,,,,
ORL-VND-00100,City Of Orlando,TRUE,,,,,,,,,,Attn:  Michael Lawrence,PO Box 4990,,,Orlando,FL,32802,,,,,,,,,,,,,,,,,,,
ORL-VND-00101,City of Winter Park,TRUE,,,,,,,,,,PO Box 1986,,,,Winter Park,FL,32790-1986,,,,,,,,,,,,,,,,,,,
ORL-VND-00102,CLEO,TRUE,,,,,,,,,,2014 Edge Water Drive #103,,,,Orlando,FL,,,,,,,,,,,,,,,,,,,,
ORL-VND-00103,Clyde S. Scoles,TRUE,,,,,,,,,,4737 Carskaddon Avenue,,,,Toledo,OH,43615,,,,,,,,,,,,,,,,,,,
ORL-VND-00104,Columbia Bank Equipment Finance,TRUE,,,,,,,,,,P O Box 848779,,,,Los Angeles,CA,90084-8779350,,,,,,,,,,,,,,,,,,,
ORL-VND-00105,Compliance Services,TRUE,,,,,,,,,,400 Capital Circle SE,Postal Mail Box 18321,,,Tallahassee,FL,32301,,,,,,,,,,,,,,,,,,,
ORL-VND-00106,ComTech21,TRUE,,,,,,,,,,P O Box 981062,,,,Boston,MA,02298-1062,,,,,,,,,,,,,,,,,,,
ORL-VND-00107,Copy Pros,TRUE,,,,,,,,,,9501 Satellite Blvd,Suite 104,,,Orlando,FL,32837,,,,,,,,,,,,,,,,,,,
ORL-VND-00108,Coral Gables Chamber of Commerce,TRUE,,,,,,,,,,224 Catalonia Avenue,,,,Coral Gables,FL,33134,,,,,,,,,,,,,,,,,,,
ORL-VND-00109,Cornell Fine Arts Museum,TRUE,,,,,,,,,,Rollins College,1000 Holt Avenue - 2765,,,Winter Park,FL,32789-4499,,,,,,,,,,,,,,,,,,,
ORL-VND-00110,Cornerstone Christian Church,TRUE,,,,,,,,,,,,,,,,,,,,,,,,,,,,,,,,,,,
ORL-VND-00111,Covelli Enterprises,TRUE,,,,,,,,,,Attn:  Holly Bower-Fryman,1400 Hope Road,,,Maitland,FL,32751,,,,,,,,,,,,,,,,,,,
ORL-VND-00112,Creative Printing & Publishing,TRUE,,,,,,,,,,"2300 Old Lake, FL",,,,Sanford,FL,32771,,,,,,,,,,,,,,,,,,,
ORL-VND-00113,Credit Services,TRUE,,,,,,,,,,,,,,,,,,,,,,,,,,,,,,,,,,,
ORL-VND-00114,Crossman & Company,TRUE,,,,,,,,,,3333 S. Orange Avenue,Suite 201,,,Orlando,FL,32806,,,,,,,,,,,,,,,,,,,
ORL-VND-00115,CSC,TRUE,,,,,,,,,,251 Little Falls Drive,,,,Wilmington,DE,19808-1674,,,,,,,,,,,,,,,,,,,
ORL-VND-00116,CSR Services,TRUE,,,,,,,,,,"4630 Kirkman Road, #159",,,,Orlando,FL,32811,,,,,,,,,,,,,,,,,,,
ORL-VND-00117,Curley & Pynn,TRUE,,,,,,,,,,258 Southhall Lane,Suite 130,,,Maitland,FL,32751,,,,,,,,,,,,,,,,,,,
ORL-VND-00118,"Custom Welding By Law, Inc.",TRUE,,,,,,,,,,,,,,,,,,,,,,,,,,,,,,,,,,,
ORL-VND-00119,Customer refunds,TRUE,,,,,,,,,,,,,,,,,,,,,,,,,,,,,,,,,,,
ORL-VND-00120,Cutting Edge Network Technologies,TRUE,,,,,,,,,,"2290 Lucien Way, Suite 330",,,,Maitland,FL,32751,,,,,,,,,,,,,,,,,,,
ORL-VND-00121,"Daly Design Group, Inc.",TRUE,,,,,,,,,,913 N. Pennsylvania Avenue,,,,Winter Park,FL,32789,,,,,,,,,,,,,,,,,,,
ORL-VND-00122,"Daniel Rogers, Landscape Architect",TRUE,,,,,,,,,407-353-0112,1775 Mohawk Trail,,,,Maitland,FL,32751,,,,,,,,,,,,,,,,,,,daniel@rogers-la.com
ORL-VND-00123,Darry Spradley,TRUE,,,,,,,,,,,,,,,,,,,,,,,,,,,,,,,,,,,
ORL-VND-00124,David Beasley,TRUE,,,,,,,,,,,,,,,,,,,,,,,,,,,,,,,,,,,
ORL-VND-00125,David Meltlz,TRUE,,,,,,,,,,,,,,,,,,,,,,,,,,,,,,,,,,,
ORL-VND-00126,"Davron, LLC",TRUE,,,,,,,,,813-961-6632,8429 Land O Lakes Boulevard,,,,Land O'Lakes,FL,34638,,,,,,,,,,,,,,,,,,,www.davron.net
ORL-VND-00127,DBPR,TRUE,,,,,,,,,,PO Box 6300,,,,Tallahassee,FL,32314-6300,,,,,,,,,,,,,,,,,,,
ORL-VND-00128,DDC,TRUE,,,,,,,,,,Avenir Publishing Inc.,P O Box 253,,,Methuen,MA,01844,,,,,,,,,,,,,,,,,,,
ORL-VND-00129,"DDC-Avenir Publishing, Inc.",TRUE,,,,,,,,,,P O Box 253,,,,Methuen,MA,01844,,,,,,,,,,,,,,,,,,,
ORL-VND-00130,Dean Myers,TRUE,,,,,,,,,,,,,,,,,,,,,,,,,,,,,,,,,,,
ORL-VND-00131,Deborah Marsiano,TRUE,,,,,,,,,,636 Maple Oak Circle #119,,,,Altamonte Springs,FL,32701,,,,,,,,,,,,,,,,,,,
ORL-VND-00132,Dell Business Credit,TRUE,,,,,,,,,,Payment Processing Center,P O Box 5275,,,Carol Stream,IL,60197-5275,,,,,,,,,,,,,,,,,,,
ORL-VND-00133,Dell Marketing,TRUE,,,,,,,,,,,,,,,,,,,,,,,,,,,,,,,,,,,
ORL-VND-00134,Deluxe for Business,TRUE,,,,,,,,,,P. O. Box 88042,,,,Chicago,IL,60680-1042,,,,,,,,,,,,,,,,,,,
ORL-VND-00135,Demonstrated Strategies Management,TRUE,,,,,,,,,407-838-3100,2219 Whitehall Drive,,,,Winter Park,FL,32790,,,,,,,,,,,,,,,,,,321-303-8161,
ORL-VND-00136,Devon Webber,TRUE,,,,,,,,,,,,,,,,,,,,,,,,,,,,,,,,,,,
ORL-VND-00137,Dexters,TRUE,,,,,,,,,,,,,,,,,,,,,,,,,,,,,,,,,,,
ORL-VND-00138,"Dickens & Associates, Inc.",TRUE,,,,,,,,,386-253-1511,232 Bay Street,,,,Daytona Beach,FL,32114,,,,,,,,,,,,,,,,,,,
ORL-VND-00139,Discover,TRUE,,,,,,,,,,,,,,,,,,,,,,,,,,,,,,,,,,,
ORL-VND-00140,Domain Networks,TRUE,,,,,,,,,,P O Box 1280,,,,Hendersonville,NC,28793,,,,,,,,,,,,,,,,,,,
ORL-VND-00141,Domain Registry of America,TRUE,,,,,,,,,,2316 Delaware Avenue #266,,,,Buffalo,NY,14216-2687,,,,,,,,,,,,,,,,,,,
ORL-VND-00142,Domonkos Cleaning Services,TRUE,,,,,,,,,,P O Box 334,,,,Goldenrod,FL,32733,,,,,,,,,,,,,,,,,,,
ORL-VND-00143,DSM,TRUE,,,,,,,,,321-303-8161,Demonstrated Strategies Mgmt,2219 Whitehall Drive,,,Winter Park,FL,32790,,,,,,,,,,,,,,,,,,,
ORL-VND-00144,"Dwell Homes, LLC",TRUE,,,,,,,,,,3208 - C E. Colonial Drive #166,,,,Orlando,FL,32803,,,,,,,,,,,,,,,,,,,
ORL-VND-00145,Earl K Wood,TRUE,,,,,,,,,,P O Box 545100,,,,Orlando,FL,32854-5100,,,,,,,,,,,,,,,,,,,
ORL-VND-00146,Equitable,TRUE,,,,,,,,,,Box 371459,,,,Pittsburgh,PA,15250-7459,,,,,,,,,,,,,,,,,,,
ORL-VND-00147,Eric Buck,TRUE,,,,,,,,,,503 Zinnia Drive,,,,Casselberry,FL,32707,,,,,,,,,,,,,,,,,,,
ORL-VND-00148,Exhilirate,TRUE,,,,,,,,,,8615 Commodity Circle,Suite 8,,,Orlando,FL,32819,,,,,,,,,,,,,,,,,,,
ORL-VND-00149,Express Trucking,TRUE,,,,,,,,,,,,,,,,,,,,,,,,,,,,,,,,,,,
ORL-VND-00150,Fastsigns,TRUE,,,,,,,,,407-831-6334,915 State Road 436,,,,Casselberry,FL,32707,,,,,,,,,,,,,,,,,,,
ORL-VND-00151,FCM Engineering,TRUE,,,,,,,,,407-748-4348,PO Box 941168,,,,Maitland,FL,32794-1168,,,,,,,,,,,,,,,,,,,
ORL-VND-00152,Federal Express,TRUE,,,,,,,,,,PO Box 660481,,,,Dallas,TX,75266-0481,,,,,,,,,,,,,,,,,,,
ORL-VND-00153,Fiction,TRUE,,,,,,,,,,200 W. Welborne Avenue,,,,Winter Park,FL,32789,,,,,,,,,,,,,,,,,,,
ORL-VND-00154,Fidelity Press,TRUE,,,,,,,,,407-297-8484,649 Triumph Court,,,,Orlando,FL,32805,,,,,,,,,,,,,,,,,,,
ORL-VND-00155,File Genius,TRUE,,,,,,,,,888-753-2245,4850 Golden Pkwy,Ste 408,,,Buford,GA,30518,,,,,,,,,,,,,,,,,,,
ORL-VND-00156,Financial Pacific,TRUE,,,,,,,,,,,,,,,,,,,,,,,,,,,,,,,,,,,
ORL-VND-00157,Findsome & Winmore,TRUE,,,,,,,,,,4776 New Broad Street,Suite 100,,,Orlando,FL,32814,,,,,,,,,,,,,,,,,,,
ORL-VND-00158,FireMaster,TRUE,,,,,,,,,,FireMaster Dept 1019,PO Box 1019,,,Dallas,TX,75312-1019,,,,,,,,,,,,,,,,,,,
ORL-VND-00159,First Horizon,TRUE,,,,,,,,,,,,,,,,,,,,,,,,,,,,,,,,,,,
ORL-VND-00160,First Responders Land Care,TRUE,,,,,,,,,407-907-4523,1901 Oregon Street,,,,Orlando,FL,32803,,,,,,,,,,,,,,,,,,,
ORL-VND-00161,Florida Community Partnership,TRUE,,,,,,,,,,P O Box 1687,,,,Winter Park,FL,32790,,,,,,,,,,,,,,,,,,,
ORL-VND-00162,Florida Department of Revenue,TRUE,,,,,,,,,,5050 West Tennessee Street,,,,Tallahassee,FL,32399-0110,,,,,,,,,,,,,,,,,,,
ORL-VND-00163,Florida First Forever,TRUE,,,,,,,,,,,,,,,FL,,,,,,,,,,,,,,,,,,,,
ORL-VND-00164,Florida Insurance,TRUE,,,,,,,,,,P O Box 7667,,,,Naples,FL,34101-7667,,,,,,,,,,,,,,,,,,,
ORL-VND-00165,Florida Notary Discount Assn.,TRUE,,,,,,,,,,,,,,,,,,,,,,,,,,,,,,,,,,,
ORL-VND-00166,Floriida Insurance,TRUE,,,,,,,,,,P O Box 7667,,,,Naples,FL,34101-7667,,,,,,,,,,,,,,,,,,,
ORL-VND-00167,Ford & Harrison LLP,TRUE,,,,,,,,,,P O Box 890836,,,,Charlotte,NC,28289-0836,,,,,,,,,,,,,,,,,,,
ORL-VND-00168,Forest City Commercial Group,TRUE,,,,,,,,,216-621-6060,1100 Terminal Tower,50 Public Square,,,Cleveland,OH,44113,,,,,,,,,,,,,,,,,,,emerickcorsi@forestcity.net
ORL-VND-00169,Fox Windows & Glass LLC,TRUE,,,,,,,,,,1450 Palomino Way,,,,Oviedo,FL,32765,,,,,,,,,,,,,,,,,,,
ORL-VND-00170,Frank Davi Jr.,TRUE,,,,,,,,,,1601 Hibiscus Avenue,,,,Winter Park,FL,32789,,,,,,,,,,,,,,,,,,,
ORL-VND-00171,Frank Hamilton,TRUE,,,,,,,,,,,,,,,,,,,,,,,,,,,,,,,,,,,
ORL-VND-00172,Frank Norton,TRUE,,,,,,,,,,,,,,,,,,,,,,,,,,,,,,,,,,,
ORL-VND-00173,Freshly Cast,TRUE,,,,,,,,,,641 Williams Drive,,,,Winter Park,FL,32789,,,,,,,,,,,,,,,,,,,
ORL-VND-00174,Fusion AE - MSP Office,TRUE,,,,,,,,,,,,,,,,,,,,,,,,,,,,,,,,,,,
ORL-VND-00175,GA State Bd of Architects Interior Design,TRUE,,,,,,,,,,,,,,,,,,,,,,,,,,,,,,,,,,,
ORL-VND-00176,GCI Consultants,TRUE,,,,,,,,,,2460 Metrocentre Boulevarde,,,,West Palm Beach,FL,33407,,,,,,,,,,,,,,,,,,,
ORL-VND-00177,"Genesis Studios, Inc.",TRUE,,,,,,,,,407-539-2606,500 North Maitland Avenue,,,,Maitland,FL,32751,,,,,,,,,,,,,,,,,,,
ORL-VND-00178,Gentleman Jack of Winter Park,TRUE,,,,,,,,,,1601 Hibiscus Avenue,,,,Winter Park,FL,32789,,,,,,,,,,,,,,,,,,,
ORL-VND-00179,"Glazing Consultants International, LLC",TRUE,,,,,,,,,561-689-0055,2460 Metrocentre Blvd,,,,West Palm Beach,FL,33407,,,,,,,,,,,,,,,,,,,
ORL-VND-00180,Gleckler & Sons,TRUE,,,,,,,,,,P O Box 12267,,,,Jacksonville,FL,32209,,,,,,,,,,,,,,,,,,,
ORL-VND-00181,GPK Fund II LLC,TRUE,,,,,,,,,,Attn:  Yayao He,47-05 5th Street,,,Long Island City,NY,11101,,,,,,,,,,,,,,,,,,,
ORL-VND-00182,Gray Robinson Attorneys at Law,TRUE,,,,,,,,,,P. O. Box 3068,,,,Orlando,FL,32802-3068,,,,,,,,,,,,,,,,,,,
ORL-VND-00183,GreenPlay LLC,TRUE,,,,,,,,,,1021 E. South Boulder Road,Suite N,,,Louisville,CO,80027,,,,,,,,,,,,,,,,,,,
ORL-VND-00184,Guardian,TRUE,,,,,,,,,,P O Box 824467,,,,Philadelphia,PA,19182-4467,,,,,,,,,,,,,,,,,,,
ORL-VND-00185,Guidewell Emergency Medicine Doctors,TRUE,,,,,,,,,407-801-8400,113 North Orlando Avenue,,,,Winter Park,FL,32789-3675,,,,,,,,,,,,,,,,,,,
ORL-VND-00186,"Harris Civil Engineers, LLC",TRUE,,,,,,,,,,1200 East Hillcrest Street,Suite 200,,,Orlando,FL,32803,,,,,,,,,,,,,,,,,,,
ORL-VND-00187,Harris Heating and Air,TRUE,,,,,,,,,,9908 Red Clover Avenue,,,,Orlando,FL,32824,,,,,,,,,,,,,,,,,,,
ORL-VND-00188,Heather Cunningham,TRUE,,,,,,,,,,,,,,,,,,,,,,,,,,,,,,,,,,,
ORL-VND-00189,Hertz,TRUE,,,,,,,,,,,,,,,,,,,,,,,,,,,,,,,,,,,
ORL-VND-00190,"HHLA, Inc.",TRUE,,,,,,,,,407-473-1722,711 33rd Street,,,,Orlando,FL,37789,,,,,,,,,,,,,,,,,,,
ORL-VND-00191,Hillstone,TRUE,,,,,,,,,,,,,,,,,,,,,,,,,,,,,,,,,,,
ORL-VND-00192,HKS Architects Inc.,TRUE,,,,,,,,,,P O Box 731121,,,,Dallas,TX,75373-1121,,,,,,,,,,,,,,,,,,,
ORL-VND-00193,Holly Cunningham,TRUE,,,,,,,,,,,,,,,,,,,,,,,,,,,,,,,,,,,
ORL-VND-00194,Hudson Everly,TRUE,,,,,,,,,,2548 Industrial Blvd,,,,Orlando,FL,32804,,,,,,,,,,,,,,,,,,,
ORL-VND-00195,"Human Capital Pursuit, LLC",TRUE,,,,,,,,,,"101 W. Venice Avenue, Unit 34",,,,Venice,FL,34285,,,,,,,,,,,,,,,,,,,mcash@hcpursuit.com
ORL-VND-00196,Hyatt,TRUE,,,,,,,,,,,,,,,,,,,,,,,,,,,,,,,,,,,
ORL-VND-00197,Ian DeLong,TRUE,,,,,,,,,,5357 Chatas Lane,,,,Orlando,FL,32814,,,,,,,,,,,,,,,,,,,
ORL-VND-00198,Ian Espinoza Associates,TRUE,,,,,,,,,818-859-7240,2000 West Magnolia Blvd.,Suite 201,,,Burbank,CA,91506,,,,,,,,,,,,,,,,,,,info@ianespinoza.com
ORL-VND-00199,Iberia,TRUE,,,,,,,,,,,,,,,,,,,,,,,,,,,,,,,,,,,
ORL-VND-00200,Impact Electric,TRUE,,,,,,,,,407-747-0874,851 Little Fawn Court,,,,Winter Springs,FL,32708,,,,,,,,,,,,,,,,,,,zachary.edler@yahoo.com
ORL-VND-00201,Incorp Services Inc.,TRUE,,,,,,,,,,PO Box 94438,,,,Las Vegas,NV,89193-4438,,,,,,,,,,,,,,,,,,,
ORL-VND-00202,"Ingenuity Engineers, Inc.",TRUE,,,,,,,,,,6275 Hazeltine National Drive,,,,Orlando,FL,32822,,,,,,,,,,,,,,,,,,,
ORL-VND-00203,Interface Americas,TRUE,,,,,,,,,,Interface Flor,1503 Orchard Hill Road,,,LaGrange,GA,30240,,,,,,,,,,,,,,,,,,,
ORL-VND-00204,International Code Council,TRUE,,,,,,,,,,25442 Network Place,,,,Chicago,IL,60673-1254,,,,,,,,,,,,,,,,,,,
ORL-VND-00205,International Press,TRUE,,,,,,,,,407-425-6519,997 West Kennedy Blvd,Suite A-1,,,Orlando,FL,32810,,,,,,,,,,,,,,,,,,,
ORL-VND-00206,Internet Corporation Listing Service,TRUE,,,,,,,,,,303 Park Avenue S. #1073,,,,New York,NY,10010,,,,,,,,,,,,,,,,,,,
ORL-VND-00207,J & S Pro Install,TRUE,,,,,,,,,,3742 Cedar Hammock Trail,,,,St. Cloud,FL,34772,,,,,,,,,,,,,,,,,,,
ORL-VND-00208,J Adams,TRUE,,,,,,,,,,,,,,,,,,,,,,,,,,,,,,,,,,,
ORL-VND-00209,Jack Jennings & Sons Inc.,TRUE,,,,,,,,,,1030 Wilfred  Drive,,,,Orlando,FL,32803,,,,,,,,,,,,,,,,,,,
ORL-VND-00210,Jackson Collingsworth & Johnson,TRUE,,,,,,,,,321-445-1117,2208 Hillcrest Street,,,,Orlando,FL,32803,,,,,,,,,,,,,,,,,,,
ORL-VND-00211,"James S. Luke, PE",TRUE,,,,,,,,,,702 Sybilwood Circle,,,,Winter Springs,FL,32708,,,,,,,,,,,,,,,,,,,
ORL-VND-00212,Janet E. O'Herron,TRUE,,,,,,,,,386-479-1700,1170 Lake Helen Osteen Road,,,,Lake Helen,FL,32744,,,,,,,,,,,,,,,,,,,
ORL-VND-00213,"Jay Ammon Architect, Inc.",TRUE,,,,,,,,,,3246 Lakeview Oaks Drive,,,,Longwood,FL,32779,,,,,,,,,,,,,,,,,,,
ORL-VND-00214,Jeffrey Blydenburgh Architect LLC,TRUE,,,,,,,,,,204 Genius Drive,,,,Winter Park,FL,32789,,,,,,,,,,,,,,,,,,,
ORL-VND-00215,Jennifer Adams,TRUE,,,,,,,,,,1433 Lone  Feather Trail,,,,Winter Park,FL,32789,,,,,,,,,,,,,,,,,,,
ORL-VND-00216,Jennifer Webb-Melton,TRUE,,,,,,,,,,JWM,205 Aqua Way,,,Oviedo,FL,32765,,,,,,,,,,,,,,,,,,,
ORL-VND-00217,Joanne Adams,TRUE,,,,,,,,,,,,,,,,,,,,,,,,,,,,,,,,,,,
ORL-VND-00218,"John J. Christie & Associates, Inc.",TRUE,,,,,,,,,,1079 West Morse Blvd.,Suite C,,,Winter Park,FL,32789,,,,,,,,,,,,,,,,,,,
ORL-VND-00219,John M. Rife Consulting,TRUE,,,,,,,,,,427 South New York Avenue,Suite 204,,,Winter Park,FL,32789,,,,,,,,,,,,,,,,,,,
ORL-VND-00220,Jos. A Banks,TRUE,,,,,,,,,,,,,,,,,,,,,,,,,,,,,,,,,,,
ORL-VND-00221,Joseph Lawrence and Company,TRUE,,,,,,,,,,"1180 Harwood Avenue, Suite 3000",,,,Altamonte Springs,FL,32714,,,,,,,,,,,,,,,,,,,
ORL-VND-00222,Joseph Sellards Lighting,TRUE,,,,,,,,,321-377-7622,706 West Fairbanks Avenue,,,,Orlando,FL,32804,,,,,,,,,,,,,,,,,,,
ORL-VND-00223,"Kaye Acoustics, Inc",TRUE,,,,,,,,,,PO Box 4297,,,,Winter Park,FL,32793,,,,,,,,,,,,,,,,,,,
ORL-VND-00224,Keep Seminole Beautiful,TRUE,,,,,,,,,,Friends of the Park,527 Queens Mirror Circle,,,Casselberry,FL,32707,,,,,,,,,,,,,,,,,,,
ORL-VND-00225,Ken Jarman,TRUE,,,,,,,,,,,,,,,KY,,,,,,,,,,,,,,,,,,,,
ORL-VND-00226,Kevin Solomon,TRUE,,,,,,,,,386-864-1142,54 Parkview Drive,,,,Palm Coast,FL,32164,,,,,,,,,,,,,,,,,,,
ORL-VND-00227,KeyCom Telecommunications,TRUE,,,,,,,,,,130 Atlantic Drive,,,,Maitland,FL,32751,,,,,,,,,,,,,,,,,,,
ORL-VND-00228,Kingstana LLC,TRUE,,,,,,,,,,,,,,,,,,,,,,,,,,,,,,,,,,,
ORL-VND-00229,Kingston LLC,TRUE,,,,,,,,,,,,,,,,,,,,,,,,,,,,,,,,,,,
ORL-VND-00230,"Kinsella Marsh Group, Inc",TRUE,,,,,,,,,305-868-1531,4045 Sheridan Avenue,Suite 420,,,Miami Beach,FL,33140,,,,,,,,,,,,,,,,,,,
ORL-VND-00231,Kwame Boaitey,TRUE,,,,,,,,,,P O Box 837,,,,Apopka,FL,32704,,,,,,,,,,,,,,,,,,,
ORL-VND-00232,Kylie Brownewell,TRUE,,,,,,,,,,,,,,,,,,,,,,,,,,,,,,,,,,,
ORL-VND-00233,LADD,TRUE,,,,,,,,,,,,,,,,,,,,,,,,,,,,,,,,,,,
ORL-VND-00234,"LADD International, Inc.",TRUE,,,,,,,,,,,,,,,,,,,,,,,,,,,,,,,,,,,
ORL-VND-00235,Lamm and Company Partners,TRUE,,,,,,,,,,968 Lake Baldwin Lane,,,,Orlando,FL,32814,,,,,,,,,,,,,,,,,,,
ORL-VND-00236,Land Design,TRUE,,,,,,,,,704-333-0325,PO Box 36959,,,,Charlotte,NC,28236-6959,,,,,,,,,,,,,,,,,,,
ORL-VND-00237,"Laurence C. Hames, Esq",TRUE,,,,,,,,,,P O Box 2706,,,,Winter Park,FL,32790,,,,,,,,,,,,,,,,,,,
ORL-VND-00238,"LCM Architects, LLC",TRUE,,,,,,,,,,819 S. Wabash Avenue,Suite 509,,,Chicago,IL,60605,,,,,,,,,,,,,,,,,,,
ORL-VND-00239,Libra  Design Group,TRUE,,,,,,,,,407-649-1828,P O Box 547368,,,,Orlando,FL,32804,,,,,,,,,,,,,,,,,,,
ORL-VND-00240,LifeComp,TRUE,,,,,,,,,,Mail Code 5190,PO Box 21008,,,Greensboro,NC,27420,,,,,,,,,,,,,,,,,,,
ORL-VND-00241,Lincoln Benefit Life,TRUE,,,,,,,,,,,,,,,,,,,,,,,,,,,,,,,,,,,
ORL-VND-00242,Lincoln Lifecomp,TRUE,,,,,,,,,,Maiilcode 5190,P O Box 21008,,,Greensboro,NC,27420-1008,,,,,,,,,,,,,,,,,,,
ORL-VND-00243,Lincoln National Life Ins Co,TRUE,,,,,,,,,,P. O. Box 7949,,,,Phiiladelphia,PA,19101-7949,,,,,,,,,,,,,,,,,,,
ORL-VND-00244,Litchford & Christopher,TRUE,,,,,,,,,,P O Box 1549,,,,Orlando,FL,32802,,,,,,,,,,,,,,,,,,,
ORL-VND-00245,LLR-Architectural Board,TRUE,,,,,,,,,,P O Box 11419,,,,Columbia,SC,29211-1419,,,,,,,,,,,,,,,,,,,
ORL-VND-00246,LLR - Architectural Board,TRUE,,,,,,,,,,Post Office Box 11419,,,,Columbia,SC,29211-1419,,,,,,,,,,,,,,,,,,,
ORL-VND-00247,Logan Laughlin,TRUE,,,,,,,,,,1700 Meeting Place,#211,,,Orlando,FL,32814,,,,,,,,,,,,,,,,,,,
ORL-VND-00248,Louis C. Rotundo,TRUE,,,,,,,,,407-491-5100,302 Pinestraw Circle,,,,Altamonte Springs,FL,32714,,,,,,,,,,,,,,,,,,,lcr5002@aol.com
ORL-VND-00249,Luxus Build,TRUE,,,,,,,,,,268 Ringwood Drive,,,,Winter Springs,FL,32708,,,,,,,,,,,,,,,,,,,
ORL-VND-00250,"Lykes Insurance, Inc.",TRUE,,,,,,,,,,P O Box 2703,,,,Winter Park,FL,32789,,,,,,,,,,,,,,,,,,,
ORL-VND-00251,M B Financial Services,TRUE,,,,,,,,,,,,,,,,,,,,,,,,,,,,,,,,,,,
ORL-VND-00252,"Madden Moorhead & Glunt, Inc.",TRUE,,,,,,,,,,431 East Horatio Avenue,Suite 260,,,Maitland,FL,32751,,,,,,,,,,,,,,,,,,,
ORL-VND-00253,Maitland Chamber of Commerce,TRUE,,,,,,,,,,,,,,,,,,,,,,,,,,,,,,,,,,,
ORL-VND-00254,Maitland Civic Center,TRUE,,,,,,,,,,,,,,,,,,,,,,,,,,,,,,,,,,,
ORL-VND-00255,Maitland Mens Club,TRUE,,,,,,,,,,PO Box 947711,,,,Maitland,FL,32794-7711,,,,,,,,,,,,,,,,,,,
ORL-VND-00256,Make a Wish Foundation of Central FL,TRUE,,,,,,,,,,1020 N. Orlando Avenue,Suite 100,,,Maitland,FL,32751,,,,,,,,,,,,,,,,,,,
ORL-VND-00257,Marcello's Upholstery,TRUE,,,,,,,,,,,,,,,,,,,,,,,,,,,,,,,,,,,
ORL-VND-00258,Margolin Hebrew Academy,TRUE,,,,,,,,,,390 South White Station,,,,Memphis,TN,38117,,,,,,,,,,,,,,,,,,,
ORL-VND-00259,Marie Sarich,TRUE,,,,,,,,,,1065 Old South Lane,,,,Apopka,FL,,,,,,,,,,,,,,,,,,,,
ORL-VND-00260,Massey Communications,TRUE,,,,,,,,,407-581-4222,1736 33rd Street,,,,Orlando,FL,32839,,,,,,,,,,,,,,,,,,,
ORL-VND-00261,Matern Engineering,TRUE,,,,,,,,,407-740-5020 xt 235,130 Candace Drive,,,,Maitland,FL,32751-3331,,,,,,,,,,,,,,,,,,,abaus@matern.net
ORL-VND-00262,Matt Phelps,TRUE,,,,,,,,,407-269-9437,220 Sandlewood Trail,,,,Winter Park,FL,32789,,,,,,,,,,,,,,,,,,,
ORL-VND-00263,"McClanathan, Burg & Associates, LLC",TRUE,,,,,,,,,,"150 Second Avenue North, Suite 600",,,,St. Petersburg,FL,33731,,,,,,,,,,,,,,,,,,,
ORL-VND-00264,"McIntyre Management Group, LLC",TRUE,,,,,,,,,,4414 Stonebridge Road,,,,Destin,FL,32541,,,,,,,,,,,,,,,,,,,
ORL-VND-00265,"McKinnon Associates, Inc.",TRUE,,,,,,,,,407-341-0341,P O Box 2270,,,,Winter Park,FL,32790,,,,,,,,,,,,,,,,,,,ghm32789@aol.com
ORL-VND-00266,"McNamara/Salvia, Inc.",TRUE,,,,,,,,,,101 Federal Suite 1100,,,,Boston,MA,02110,,,,,,,,,,,,,,,,,,,
ORL-VND-00267,"Mead Botanical Garden, Inc.",TRUE,,,,,,,,,,Attn:  Linda Keen,PO  Box 1227,,,Winter Park,FL,32790,,,,,,,,,,,,,,,,,,,
ORL-VND-00268,Melissa Tully,TRUE,,,,,,,,,,,,,,,,,,,,,,,,,,,,,,,,,,,
ORL-VND-00269,"Mestagh, Wall & Hamilton",TRUE,,,,,,,,,,280 W. Canton Avenue,Suite 110,,,Winter Park,FL,32789,,,,,,,,,,,,,,,,,,,
ORL-VND-00270,Metlife SBC,TRUE,,,,,,,,,,Group Benefits,P O Box 804466,,,Kansas City,MO,64180-4466,,,,,,,,,,,,,,,,,,,
ORL-VND-00271,Michael Marcial,TRUE,,,,,,,,,,7839 Antibes Ct.,,,,Orlando,FL,32825,,,,,,,,,,,,,,,,,,,
ORL-VND-00272,"MiGre Engineers, LLC",TRUE,,,,,,,,,,1200 W. State Road 434,Suite 301,,,Longwood,FL,32750,,,,,,,,,,,,,,,,,,,
ORL-VND-00273,"Millers Hardware, Inc.",TRUE,,,,,,,,,,143 Fairbanks Avenue,,,,Winter Park,FL,32789-4437,,,,,,,,,,,,,,,,,,,
ORL-VND-00274,Modern Plumbing,TRUE,,,,,,,,,,255 Old Sanford Oviedo Road,,,,Winter Springs,FL,32708,,,,,,,,,,,,,,,,,,,
ORL-VND-00275,Montana Design Associates,TRUE,,,,,,,,,,P O Box 730,,,,Winter Park,FL,32790-0730,,,,,,,,,,,,,,,,,,,
ORL-VND-00276,MSI,TRUE,,,,,,,,,614-621-2796,462 South Ludlow Alley,,,,Columbus,OH,43215,,,,,,,,,,,,,,,,,,,
ORL-VND-00277,Murray Lamb,TRUE,,,,,,,,,,1680 W. Lake Brantley Rd,,,,Longwood,FL,32779,,,,,,,,,,,,,,,,,,,
ORL-VND-00278,Nancy Talaga,TRUE,,,,,,,,,,,,,,,,,,,,,,,,,,,,,,,,,,,
ORL-VND-00279,NCARB,TRUE,,,,,,,,,,1401 H Street NW Suite 500,,,,Washington,DC,20005,,,,,,,,,,,,,,,,,,,
ORL-VND-00280,"Ndeavor, Inc.",TRUE,,,,,,,,,,Mr. Ted Hunter,5906 Winchester Isle Road,,,Orlando,FL,32829,,,,,,,,,,,,,,,,,,,TED.HUNTER.DEV@GMAIL.COM
ORL-VND-00281,Nebs,TRUE,,,,,,,,,,,,,,,,,,,,,,,,,,,,,,,,,,,
ORL-VND-00282,NFPA,TRUE,,,,,,,,,,Billing Center,P. O. Box 9689,,,Manchester,NH,03108-9689,,,,,,,,,,,,,,,,,,,
ORL-VND-00283,Norman Jacknis,TRUE,,,,,,,,,,39 Mountainside Trail,,,,Cortlandt Manor,NY,10567,,,,,,,,,,,,,,,,,,,
ORL-VND-00284,Nue Urban Concepts,TRUE,,,,,,,,,352-363-0614,2579 SW 87th Drive,,,,Gainesville,FL,32608,,,,,,,,,,,,,,,,,,,
ORL-VND-00285,Odonnel Agency,TRUE,,,,,,,,,,525 Okeechobee Blvd. Ste 980,,,,West Palm Beach,FL,33401,,,,,,,,,,,,,,,,,,,
ORL-VND-00286,Office Depot,TRUE,,,,,,,,,,,,,,,,,,,,,,,,,,,,,,,,,,,
ORL-VND-00287,Olivia Cunningham,TRUE,,,,,,,,,,,,,,,,,,,,,,,,,,,,,,,,,,,
ORL-VND-00288,Online Transfer to CC 4819,TRUE,,,,,,,,,,,,,,Online Transfer to CC,,4819,,,,,,,,,,,,,,,,,,,
ORL-VND-00289,Online Transfer to CC 4827,TRUE,,,,,,,,,,,,,,Online Transfer to CC,,4827,,,,,,,,,,,,,,,,,,,
ORL-VND-00290,Orange County Tax Collector,TRUE,,,,,,,,,,P O Box 545100,,,,Orlando,FL,32854-5100,,,,,,,,,,,,,,,,,,,
ORL-VND-00291,Originals by Alex,TRUE,,,,,,,,,,11338 Ledgement Lane,,,,Windermere,FL,34786,,,,,,,,,,,,,,,,,,,
ORL-VND-00292,Orlando Business Journal,TRUE,,,,,,,,,,P. O. Box 403844,,,,Atlanta,GA,30384-3844,,,,,,,,,,,,,,,,,,,
ORL-VND-00293,Orlando Intl,TRUE,,,,,,,,,,,,,,,,,,,,,,,,,,,,,,,,,,,
ORL-VND-00294,Osborn Engineering,TRUE,,,,,,,,,216-861-2020,1111 Superior Avenue,Suite 2100,,,Cleveland,OH,44114,,,,,,,,,,,,,,,,,,,osborn-eng.com
ORL-VND-00295,P C Electric,TRUE,,,,,,,,,407-529-4138,3044 Salisbury Cove,,,,Oviedo,FL,32765,,,,,,,,,,,,,,,,,,,Pierreelectric38@yahoo.com
ORL-VND-00296,Pam Rishoi,TRUE,,,,,,,,,,1630 Apache Trail,,,,Maitland,FL,32751,,,,,,,,,,,,,,,,,,,
ORL-VND-00297,Panda Kitchen and Bath,TRUE,,,,,,,,,,9421 S. Orange Blossom Trail,Unit 3,,,Orlando,FL,32837,,,,,,,,,,,,,,,,,,,
ORL-VND-00298,Panera,TRUE,,,,,,,,,,,,,,,,,,,,,,,,,,,,,,,,,,,
ORL-VND-00299,Partsfleet,TRUE,,,,,,,,,,"2251 Lynx Lane, Suite 5",,,,Orlando,FL,32804,,,,,,,,,,,,,,,,,,,
ORL-VND-00300,Paskert Divers Thompson,TRUE,,,,,,,,,,"100 North Tampa Street, Suite 3700",,,,Tampa,FL,33602,,,,,,,,,,,,,,,,,,,
ORL-VND-00301,Paul Taylor,TRUE,,,,,,,,,,3762 Lower Union Road,,,,Orlando,FL,32814,,,,,,,,,,,,,,,,,,,
ORL-VND-00302,PDH Academy,TRUE,,,,,,,,,,PO Box 449,,,,Pewaukee,WI,53072,,,,,,,,,,,,,,,,,,,
ORL-VND-00303,Peach Valley,TRUE,,,,,,,,,,,,,,,,,,,,,,,,,,,,,,,,,,,
ORL-VND-00304,Peninsula Engineering Inc.,TRUE,,,,,,,,,407-246-1688,2016 Alden Road,,,,Orlando,FL,32803,,,,,,,,,,,,,,,,,,,
ORL-VND-00305,Performing Arts of Maitland,TRUE,,,,,,,,,,117 Whitecaps Circle,,,,Maitland,FL,32751,,,,,,,,,,,,,,,,,,,
ORL-VND-00306,Pina Ferlaino,TRUE,,,,,,,,,,,,,,,,,,,,,,,,,,,,,,,,,,,
ORL-VND-00307,"Pinel & Carpenter, Inc.",TRUE,,,,,,,,,407-648-2199,824 North Highland Avenue,,,,Orlando,FL,32803,,,,,,,,,,,,,,,,,,,
ORL-VND-00308,Pinnacle Infotech Inc.,TRUE,,,,,,,,,888-8768783,50 Sugar Creek Center Blvd.,Suite 350,,,Sugar Land,TX,77478,,,,,,,,,,,,,,,,,,,accounting@pinnaclecad.com
ORL-VND-00309,PNC Bank,TRUE,,,,,,,,,,,,,,,,,,,,,,,,,,,,,,,,,,,
ORL-VND-00310,Principal,TRUE,,,,,,,,,,711 High Street,,,,Des Moines,IA,50362-1520,,,,,,,,,,,,,,,,,,,
ORL-VND-00311,Private Business Association of Seminole,TRUE,,,,,,,,,,P O Box 950505,,,,Lake Mary,FL,32795-0505,,,,,,,,,,,,,,,,,,,
ORL-VND-00312,Pro-Tek Services,TRUE,,,,,,,,,,598 Northlake Blvd. Suite 1016,,,,Altamonte Springs,FL,32701,,,,,,,,,,,,,,,,,,,
ORL-VND-00313,Professional Service Bureau,TRUE,,,,,,,,,,,,,,,,,,,,,,,,,,,,,,,,,,,
ORL-VND-00314,Project for Public Spaces,TRUE,,,,,,,,,,Attn:  Ms. Eleina Olonetsky,Vice President,,,New York,NY,10003,,,,,,,,,,,,,,,,,,,
ORL-VND-00315,"Project Management Advisors, Inc.",TRUE,,,,,,,,,,250 South Park Avenue,Suite 300,,,Winter Park,FL,32789,,,,,,,,,,,,,,,,,,,
ORL-VND-00316,Prudential,TRUE,,,,,,,,,,,,,,,,,,,,,,,,,,,,,,,,,,,
ORL-VND-00317,Pt Design Studio,TRUE,,,,,,,,,,3762 Lower Union Road,,,,Orlando,FL,32814,,,,,,,,,,,,,,,,,,,
ORL-VND-00318,PT Design Studio LLC,TRUE,,,,,,,,,,3762 Lower Union Road,,,,Orlando,FL,32814,,,,,,,,,,,,,,,,,,,
ORL-VND-00319,Publix,TRUE,,,,,,,,,,,,,,,,,,,,,,,,,,,,,,,,,,,
ORL-VND-00320,Quality First,TRUE,,,,,,,,,,,,,,,,,,,,,,,,,,,,,,,,,,,
ORL-VND-00321,Quest Company,TRUE,,,,,,,,,,1180 Spring Centre South Blvd.,Suite 102,,,Altamonte Springs,FL,32714,,,,,,,,,,,,,,,,,,,
ORL-VND-00322,Quietly Making Noise LLC,TRUE,,,,,,,,,407-681-7444,4521 Old Carriage Trail,,,,Oviedo,FL,32765,,,,,,,,,,,,,,,,,,,
ORL-VND-00323,Quill,TRUE,,,,,,,,,,P O Box 37600,,,,Philadelphia,PA,19101-0600,,,,,,,,,,,,,,,,,,,
ORL-VND-00324,Quill Corporation,TRUE,,,,,,,,,,P O Box 37600,,,,Philadelphia,PA,19101-0600,,,,,,,,,,,,,,,,,,,
ORL-VND-00325,Randall Glidden,TRUE,,,,,,,,,,612 Dunblane Drive,,,,Winter Park,FL,32792,,,,,,,,,,,,,,,,,,,
ORL-VND-00326,Randstad,TRUE,,,,,,,,,,Mail Code 5602,P. O. Box 105046,,,Atlanta,GA,30348-5046,,,,,,,,,,,,,,,,,,,
ORL-VND-00327,Red Horse Ventures,TRUE,,,,,,,,,,Mr. John Paccione,1513 Hunters Mill Place,,,Oviedo,FL,32765,,,,,,,,,,,,,,,,,,,
ORL-VND-00328,RediCheck,TRUE,,,,,,,,,770-631-4430,"109 Greensway, Ste 100",,,,Peachtree City,GA,30269,,,,,,,,,,,,,,,,,,,bnigro@redicheck.biz
ORL-VND-00329,Republican Party of Seminole County,TRUE,,,,,,,,,,County,P O Box 151643,,,Altamonte Springs,FL,32715,,,,,,,,,,,,,,,,,,,
ORL-VND-00330,RIB Software North America Inc.,TRUE,,,,,,,,,,Dept. 350,P. O. Box 4458,,,Houston,TX,77210-4458,,,,,,,,,,,,,,,,,,,
ORL-VND-00331,Right Networks,TRUE,,,,,,,,,,,,,,,,,,,,,,,,,,,,,,,,,,,
ORL-VND-00332,RLI,TRUE,,,,,,,,,,P O Box 779030,,,,Chicago,IL,60677-9030,,,,,,,,,,,,,,,,,,,
ORL-VND-00333,RLI Insurance Co Dept 3350,TRUE,,,,,,,,,,P O Box 844122,,,,Kansas City,MO,64184-4122,,,,,,,,,,,,,,,,,,,
ORL-VND-00334,RLI Insurance Company Retail,TRUE,,,,,,,,,,PO Box 779030,,,,Chicago,IL,60677-9030,,,,,,,,,,,,,,,,,,,
ORL-VND-00335,Ron Alqallaf,TRUE,,,,,,,,,386-416-9349,436 Palmetto Street,,,,Edgewater,FL,32132,,,,,,,,,,,,,,,,,,,
ORL-VND-00336,Sanrachna Global Infotech Inc.,TRUE,,,,,,,,,,"1 Auer Ct, 2nd Floor",,,,East Brunswick,NJ,08816,,,,,,,,,,,,,,,,,,,
ORL-VND-00337,Sanrachna M/S,TRUE,,,,,,,,,,,,,,,,,,,,,,,,,,,,,,,,,,,
ORL-VND-00338,"Sara Brady Pupblic Relations, Inc.",TRUE,,,,,,,,,407-702-6632,"222 W. Comstock Avenue, #215",,,,Winter Park,FL,32789,,,,,,,,,,,,,,,,,,,
ORL-VND-00339,SC Department of Revenue,TRUE,,,,,,,,,,Corporate Tax,,,,Columbia,SC,29214-0100,,,,,,,,,,,,,,,,,,,
ORL-VND-00340,SC DOR,TRUE,,,,,,,,,,SC Dept of Revenue Tax Compliance,300AOutlet Pointe Blvd.,,,Columbia,SC,29210,,,,,,,,,,,,,,,,,,,
ORL-VND-00341,SCB Marketing,TRUE,,,,,,,,,,P O Box 410901,,,,Melbourne,FL,32941,,,,,,,,,,,,,,,,,,,
ORL-VND-00342,SCDOR,TRUE,,,,,,,,,,Corporate Taxable,PO Box 100151,,,Columbia,SC,29202,,,,,,,,,,,,,,,,,,,
ORL-VND-00343,"Schutt Installations, Inc.",TRUE,,,,,,,,,407-325-0322,4119 Meadowbrook Avenue,,,,Orlando,FL,32808,,,,,,,,,,,,,,,,,,,
ORL-VND-00344,Scott Randolph Orange Cty Tax Collector,TRUE,,,,,,,,,,P. O. Box 545100,,,,Orlando,FL,32854-5100,,,,,,,,,,,,,,,,,,,
ORL-VND-00345,Secretary of State,TRUE,,,,,,,,,,South Carolina,1205 Pendleton Street,,,Columbia,SC,29201,,,,,,,,,,,,,,,,,,,
ORL-VND-00346,Sellards Lighting Inc,TRUE,,,,,,,,,,2608 Derbyshire Road,,,,Maitland,FL,32751,,,,,,,,,,,,,,,,,,,
ORL-VND-00347,Servpro of Winter Park 9899,TRUE,,,,,,,,,,P O Box 337,,,,Winter Park,FL,32790,,,,,,,,,,,,,,,,,,,
ORL-VND-00348,"Sesco Liglhting, Inc.",TRUE,,,,,,,,,,,,,,,,,,,,,,,,,,,,,,,,,,,
ORL-VND-00349,SGM Engineering,TRUE,,,,,,,,,,935 Lake Baldwin Lane,,,,Orlando,FL,32814,,,,,,,,,,,,,,,,,,,
ORL-VND-00350,ShredPros,TRUE,,,,,,,,,,1460 Shell Mound Road,,,,Deltona,FL,32725,,,,,,,,,,,,,,,,,,,
ORL-VND-00351,"Siebein Associates, Inc.",TRUE,,,,,,,,,,625 NW 60th Street,,,,Gainesville,FL,32607,,,,,,,,,,,,,,,,,,,
ORL-VND-00352,Signs Now,TRUE,,,,,,,,,407-628-2410,1003 S. Orlando Avenue,,,,Winter Park,FL,32789,,,,,,,,,,,,,,,,,,,
ORL-VND-00353,SkillPath Seminars,TRUE,,,,,,,,,,P O Box 804441,,,,Kansas City,MO,64180-4441,,,,,,,,,,,,,,,,,,,
ORL-VND-00354,South Carolina Dept of Revenue,TRUE,,,,,,,,,,P O Box 2535,,,,Columbia,SC,29202-2535,,,,,,,,,,,,,,,,,,,
ORL-VND-00355,Specialized Electronics,TRUE,,,,,,,,,,"1507 Park Center Drive, Unit 1 L-M",,,,Orlando,FL,32835,,,,,,,,,,,,,,,,,,,
ORL-VND-00356,Spectrum,TRUE,,,,,,,,,,P O Box 7186,,,,Pasadena,CA,91109-7186,,,,,,,,,,,,,,,,,,,
ORL-VND-00357,"Spiker Baldwin Associates, Inc.",TRUE,,,,,,,,,404-373-9075,216 Church Street,,,,Decatur,GA,30030,,,,,,,,,,,,,,,,,,,
ORL-VND-00358,St. Mary Magdalen Catholic School,TRUE,,,,,,,,,,,,,,,,,,,,,,,,,,,,,,,,,,,
ORL-VND-00359,Stanley Steemer,TRUE,,,,,,,,,,,,,,,,,,,,,,,,,,,,,,,,,,,
ORL-VND-00360,Stantec,TRUE,,,,,,,,,,13980 Collections Center Drive,,,,Chicago,IL,60693,,,,,,,,,,,,,,,,,,,
ORL-VND-00361,"Stantec Consulting Services, Inc.",TRUE,,,,,,,,,,13980 Collections Center Drive,,,,Chicago,IL,60693,,,,,,,,,,,,,,,,,,,
ORL-VND-00362,State of Wyoming,TRUE,,,,,,,,,,"2001 Capitol Avenue, Room 127",,,,Cheyenne,WY,82002,,,,,,,,,,,,,,,,,,,
ORL-VND-00363,stellard Light,TRUE,,,,,,,,,,,,,,,,,,,,,,,,,,,,,,,,,,,
ORL-VND-00364,Steve Leary Campaign,TRUE,,,,,,,,,,,,,,,,,,,,,,,,,,,,,,,,,,,
ORL-VND-00365,Stk La Stk La,TRUE,,,,,,,,,,,,,,Stk La Stk,LA,,,,,,,,,,,,,,,,,,,,
ORL-VND-00366,"Stonemill Partners, Inc.",TRUE,,,,,,,,,,5200 Dallas Highway,Suite 200-110,,,Powder Springs,GA,30127,,,,,,,,,,,,,,,,,,,
ORL-VND-00367,Storer Resources Group LLC,TRUE,,,,,,,,,,1623 Wycliff Drive,,,,Orlando,FL,32803,,,,,,,,,,,,,,,,,,,
ORL-VND-00368,"Stutler Strategies, Inc.",TRUE,,,,,,,,,,2260 Wednesday Street,Suite 200,,,Tallahassee,FL,32308,,,,,,,,,,,,,,,,,,,
ORL-VND-00369,Suntrust,TRUE,,,,,,,,,,PO Box 791250,,,,Baltimore,MD,21279-1250,,,,,,,,,,,,,,,,,,,
ORL-VND-00370,Susan Katz,TRUE,,,,,,,,,,655 San Juan Bay,,,,Oviedo,FL,32765,,,,,,,,,,,,,,,,,,,
ORL-VND-00371,Susie Weiss,TRUE,,,,,,,,,,I Do For You,1244 Via Salerno,,,Winter Park,FL,32789,,,,,,,,,,,,,,,,,,,
ORL-VND-00372,Swann Hadley Stump Dietrich & Spears PA,TRUE,,,,,,,,,,P O Box 1961,,,,Winter Park,FL,32790,,,,,,,,,,,,,,,,,,,
ORL-VND-00373,syncronity,TRUE,,,,,,,,,,,,,,,,,,,,,,,,,,,,,,,,,,,
ORL-VND-00374,Texas Board of Architecture,TRUE,,,,,,,,,,P O Box 12337,,,,Austin,TX,78711,,,,,,,,,,,,,,,,,,,
ORL-VND-00375,Terracon,TRUE,,,,,,,,,,1675 Lee Road,,,,Winter Park,FL,32789-2207,,,,,,,,,,,,,,,,,,,
ORL-VND-00376,"Terracon  Consultants, Inc.",TRUE,,,,,,,,,,P O Box 959673,,,,St. Louis,MO,63195-9673,,,,,,,,,,,,,,,,,,,
ORL-VND-00377,"Territo Electric, Inc.",TRUE,,,,,,,,,,441 West Enterprise,,,,Ocoee,FL,34761,,,,,,,,,,,,,,,,,,,
ORL-VND-00378,TESTFIT,TRUE,,,,,,,,,,"1717 McKinney Avenue, Suite 1570",,,,Dallas,TX,75202,,,,,,,,,,,,,,,,,,,
ORL-VND-00379,Tews Company,TRUE,,,,,,,,,407-956-6180,"Tews Consulting, Inc dba Tews Company",1000 Legion Place,,,Orlando,FL,32801,,,,,,,,,,,,,,,,,,,
ORL-VND-00380,The American Institute of Architects,TRUE,,,,,,,,,,P O Box 830080,,,,Philadelphia,PA,19182-0080,,,,,,,,,,,,,,,,,,,
ORL-VND-00381,The Hartford,TRUE,,,,,,,,,,P O Box 660916,,,,Dallas,TX,75266-0916,,,,,,,,,,,,,,,,,,,
ORL-VND-00382,The League Making a Difference,TRUE,,,,,,,,,,,,,,,,,,,,,,,,,,,,,,,,,,,
ORL-VND-00383,The Lincoln National Life Insur Co,TRUE,,,,,,,,,,PO Box 7949,,,,Philadelphia,PA,19101-7949,,,,,,,,,,,,,,,,,,,
ORL-VND-00384,The Prudential,TRUE,,,,,,,,,,,,,,,,,,,,,,,,,,,,,,,,,,,
ORL-VND-00385,"theACCESSpartnership, lp",TRUE,,,,,,,,,,3006 Bee Caves Road,Suite A240,,,Austin,TX,78746,,,,,,,,,,,,,,,,,,,
ORL-VND-00386,Thomas Printworks,TRUE,,,,,,,,,,P O Box 830768,,,,Richardson,TX,75083-0768,,,,,,,,,,,,,,,,,,,
ORL-VND-00387,Thurmond,TRUE,,,,,,,,,,9908 Red Clover Avenue,,,,Orlando,FL,32824,,,,,,,,,,,,,,,,,,,
ORL-VND-00388,TigerDirect,TRUE,,,,,,,,,,,,,,,,,,,,,,,,,,,,,,,,,,,
ORL-VND-00389,"TLC Engineering for Architecture, Inc.",TRUE,,,,,,,,,,255 Souoth Orange Avenue,Suite 1600,,,Orlando,FL,32801-3463,,,,,,,,,,,,,,,,,,,
ORL-VND-00390,Todd Andersen,TRUE,,,,,,,,,,3006 Regents Tower Street,Suite 354,,,Fairfax,VA,22031,,,,,,,,,,,,,,,,,,,
ORL-VND-00391,Tony Construction Management Inc.,TRUE,,,,,,,,,305-528-0214,5405 Tuscany Lane,,,,Davenport,FL,33897,,,,,,,,,,,,,,,,,,,tonyconstructionmanagementinc@gmail.com
ORL-VND-00392,TransAmerica,TRUE,,,,,,,,,,PO Box 742528,,,,Cincinnati,OH,45274-2528,,,,,,,,,,,,,,,,,,,
ORL-VND-00393,Travelers CL Remittance Center,TRUE,,,,,,,,,,P O Box 660317,,,,Dallas,TX,75266-0317,,,,,,,,,,,,,,,,,,,
ORL-VND-00394,Trinity Surfaces,TRUE,,,,,,,,,,4337 Dardanelle Drive,,,,Orlando,FL,32808,,,,,,,,,,,,,,,,,,,
ORL-VND-00395,Truist,TRUE,,,,,,,,,,,,,,,,,,,,,,,,,,,,,,,,,,,
ORL-VND-00396,Truist (Service Charge),TRUE,,,,,,,,,,,,,,,,,,,,,,,,,,,,,,,,,,,
ORL-VND-00397,Truist Bank,TRUE,,,,,,,,,,P O Box 791250,,,,Baltimore,MD,21279-1250,,,,,,,,,,,,,,,,,,,
ORL-VND-00398,Tyler Grindrod,TRUE,,,,,,,,,,,,,,,,,,,,,,,,,,,,,,,,,,,
ORL-VND-00399,U. S. Bank,TRUE,,,,,,,,,,,,,,,,,,,,,,,,,,,,,,,,,,,
ORL-VND-00400,Umpaua Bank,TRUE,,,,,,,,,,"3455 S. 344th Way, 3300",,,,Federal Way,WA,98001-9546,,,,,,,,,,,,,,,,,,,
ORL-VND-00401,Umpaua Bank Vendor Finance,TRUE,,,,,,,,,,P. O. Box 848779,,,,Los Angeles,CA,90084-8779350,,,,,,,,,,,,,,,,,,,
ORL-VND-00402,Umpqua Bank Vendor Finance,TRUE,,,,,,,,,,P O Box 848779,,,,Los Angeles,CA,90084-8779350,,,,,,,,,,,,,,,,,,,
ORL-VND-00403,"UnbreakableIT, Inc.",TRUE,,,,,,,,,407-583-6291,501 N. Magnolia Ave,,,,Orlando,FL,32801,,,,,,,,,,,,,,,,,,,
ORL-VND-00404,United Airlines,TRUE,,,,,,,,,,,,,,,,,,,,,,,,,,,,,,,,,,,
ORL-VND-00405,United Arts of Central Florida,TRUE,,,,,,,,,,2450 Maitland Center Parkway,Suite 201,,,Maitland,FL,32751-4140,,,,,,,,,,,,,,,,,,,
ORL-VND-00406,United States Treasury,TRUE,,,,,,,,,,Internal Revenue Service,,,,Ogden,UT,84201-0102,,,,,,,,,,,,,,,,,,,
ORL-VND-00407,US Bank,TRUE,,,,,,,,,,,,,,,,,,,,,,,,,,,,,,,,,,,
ORL-VND-00408,Vanguard Cleaning Systems,TRUE,,,,,,,,,,3820 Northdale Blvd. Ste #304,,,,Tampa,FL,33624,,,,,,,,,,,,,,,,,,,
ORL-VND-00409,VCARD,TRUE,,,,,,,,,,Volusia County Association for Resp Dev,126 E. Orange Avenue,,,Daytona Beach,FL,32114,,,,,,,,,,,,,,,,,,,
ORL-VND-00410,Venture Networking,TRUE,,,,,,,,,,3635 Cardinal Blvd. Ste 2,,,,Daytona Beach,FL,32118,,,,,,,,,,,,,,,,,,,
ORL-VND-00411,Verizon,TRUE,,,,,,,,,,,,,,,,,,,,,,,,,,,,,,,,,,,
ORL-VND-00412,Visa,TRUE,,,,,,,,,,,,,,,,,,,,,,,,,,,,,,,,,,,
ORL-VND-00413,Vitorio Marchesi,TRUE,,,,,,,,,,,,,,,,,,,,,,,,,,,,,,,,,,,
ORL-VND-00414,voided check,TRUE,,,,,,,,,,,,,,,,,,,,,,,,,,,,,,,,,,,
ORL-VND-00415,W . H. Owen Consulting,TRUE,,,,,,,,,,2500 N. Westmoreland Drive,,,,Orlando,FL,32804,,,,,,,,,,,,,,,,,,,
ORL-VND-00416,Wade Miller,TRUE,,,,,,,,,,1520 Glencoe Road,,,,Winter Park,FL,32789,,,,,,,,,,,,,,,,,,,
ORL-VND-00417,Walker & Company,TRUE,,,,,,,,,,931 N. Pennsylvania Avenue,,,,Winter Park,FL,32789,,,,,,,,,,,,,,,,,,,
ORL-VND-00418,Wayne Densch Performing Arts Center,TRUE,,,,,,,,,,203 S. Magnolia Avenue,,,,Sanford,FL,32771,,,,,,,,,,,,,,,,,,,
ORL-VND-00419,"Webber, Scott",TRUE,,,,,,,,,,1901 Oregon Street,,,,Orlando,FL,32803,,,,,,,,,,,,,,,,,,,
ORL-VND-00420,Wendy Landry,TRUE,,,,,,,,,,,,,,,,,,,,,,,,,,,,,,,,,,,
ORL-VND-00421,WFI L.L.P.,TRUE,,,,,,,,,,c/o NAI Realvest,1800 Pembrook Drive,,,Orlando,FL,32810,,,,,,,,,,,,,,,,,,,kgamble@realvest.com
ORL-VND-00422,Wharton-Smith Inc.,TRUE,,,,,,,,,,,,,,,,,,,,,,,,,,,,,,,,,,,
ORL-VND-00423,White's Glass & Mirror,TRUE,,,,,,,,,,358 State Lane,,,,Orlando,FL,32801,,,,,,,,,,,,,,,,,,,
ORL-VND-00424,William Chea Lay,TRUE,,,,,,,,,,2844 Aloma Lake Run,,,,Oviedo,FL,32765,,,,,,,,,,,,,,,,,,,
ORL-VND-00425,"William G. Kramer, AIA PA",TRUE,,,,,,,,,,353 Clermont Road,,,,Lake Mary,FL,32746,,,,,,,,,,,,,,,,,,,
ORL-VND-00426,William Smith,TRUE,,,,,,,,,,,,,,,,,,,,,,,,,,,,,,,,,,,
ORL-VND-00427,Willie's,TRUE,,,,,,,,,,4114 Park Lake Street,,,,Orlando,FL,32803,,,,,,,,,,,,,,,,,,,
ORL-VND-00428,Willies,TRUE,,,,,,,,,,4114 Park Lake Street,,,,Orlando,FL,32803,,,,,,,,,,,,,,,,,,,
ORL-VND-00429,"WilsonMiller, Inc.",TRUE,,,,,,,,,,13980 Collections Center Drive,,,,Chicago,IL,60693,,,,,,,,,,,,,,,,,,,
ORL-VND-00430,Windstream Communications,TRUE,,,,,,,,,,P O Box 580451,,,,Charlotte,NC,28258-0451,,,,,,,,,,,,,,,,,,,
ORL-VND-00431,Winter Park Chamber of Commerce,TRUE,,,,,,,,,,151 W. Lyman Avenue,P O Box 280,,,Winter Park,FL,32790-0280,,,,,,,,,,,,,,,,,,,
ORL-VND-00432,Winter Park Crew,TRUE,,,,,,,,,,3839 Upper Union Road,,,,Orlando,FL,32814,,,,,,,,,,,,,,,,,,,
ORL-VND-00433,Winter Park Public Library,TRUE,,,,,,,,,,460 East New England Avenue,,,,Winter Park,FL,32789,,,,,,,,,,,,,,,,,,,
ORL-VND-00434,Winter Park Publishing Company LLC,TRUE,,,,,,,,,,201 West Canton Avenue,Suite 125B,,,Winter Park,FL,32789,,,,,,,,,,,,,,,,,,,
ORL-VND-00435,"winter Park Redevelopment Agency, Ltd.",TRUE,,,,,,,,,,P. O. Box 350,,,,Winter Park,FL,32790,,,,,,,,,,,,,,,,,,,
ORL-VND-00436,Woman's Club of Casselberry,TRUE,,,,,,,,,,,,,,,,,,,,,,,,,,,,,,,,,,,
ORL-VND-00437,"Wright, Fulford, Moorhead & Brown, PA",TRUE,,,,,,,,,,"505 Maitland Avenue, Suite 1000",,,,Altamonte Springs,FL,32701,,,,,,,,,,,,,,,,,,,
ORL-VND-00438,Xelar FBS,TRUE,,,,,,,,,,5125 Adanson Street,Suite 100,,,Orlando,FL,32804,,,,,,,,,,,,,,,,,,,
ORL-VND-00439,YMCA,TRUE,,,,,,,,,,,,,,,,,,,,,,,,,,,,,,,,,,,
ORL-VND-00440,Zeno Office Solutions,TRUE,,,,,,,,,,P O Box 23687,,,,Tampa,FL,33623,,,,,,,,,,,,,,,,,,,
ORL-VND-00441,ZoningTech LLC,TRUE,,,,,,,,,321-263-0979,484 S. Pressview Avenue,,,,Longwood,FL,32750,,,,,,,,,,,,,,,,,,,
